admin,1
administrator,1
admin-panel,1
adminpanel,1
api,1
api-docs,1
openapi,1
swagger,1
graphql,1
graphiql,1
auth,1
login,1
oauth,1
sso,1
callback,1
token,1
dev,1
test,1
qa,1
uat,1
stage,1
staging,1
internal,1
portal,1
console,1
dashboard,1
actuator,1
grafana,1
prometheus,1
kibana,1
jenkins,1
git,1
github,1
gitlab,1
backup,1
dump,1
sql,1
database,1
.env,1
config,1
upload,1
download,1
webhook,1
rpc,1
soap,1
websocket,1
wp-admin,1
wp-login,1
xmlrpc,1
crm,2
freshdesk,2
zendesk,2
partner,2
reseller,2
customer,2
tenant,2
organization,2
role,2
permission,2
acl,2
iam,2
invoice,2
subscription,2
order,2
purchase,2
stripe,2
paypal,2
kyc,2
bank,2
iban,2
vat,2
tax,2
joomla,2
drupal,2
magento,2
laravel,2
django,2
rails,2
node,2
express,2
nextjs,2
nuxt,2
blog,3
news,3
press,3
docs,3
documentation,3
wiki,3
help,3
faq,3
contact,3
feedback,3
marketing,3
newsletter,3
static,3
assets,3
media,3
cdn,3
pdf,3
analytics,3
tracking,3
gtm,3
tagmanager,3
